chr9	99974276	.	C	T	.	PASS	AS_FilterStatus=SITE;AS_SB_TABLE=55,66|12,11;DP=147;ECNT=1;ECNTH=1;GERMQ=93;MBQ=31,34;MFRL=369,420;MMQ=60,60;MPOS=39;NALOD=-1.85;NLOD=20.97;POPAF=6;ROQ=93;TLOD=64.81	GT:AD:AF:DP:F1R2:F2R1:FAD:SB	0/1:50,23:0.316:73:19,12:29,10:49,22:23,27,12,11	0/0:71,0:0.014:71:37,0:30,0:70,0:32,39,0,0
chr9	9996835	.	A	G	.	PASS	AS_FilterStatus=SITE;AS_SB_TABLE=64,45|11,6;DP=128;ECNT=1;ECNTH=1;GERMQ=93;MBQ=34,32;MFRL=376,394;MMQ=60,60;MPOS=36;NALOD=-1.724;NLOD=15.65;POPAF=6;ROQ=81;TLOD=43.56	GT:AD:AF:DP:F1R2:F2R1:FAD:SB	0/1:57,17:0.237:74:27,10:30,7:57,17:31,26,11,6	0/0:52,0:0.019:52:23,0:29,0:52,0:33,19,0,0
chr9	99837041	.	T	G	.	PASS	AS_FilterStatus=SITE;AS_SB_TABLE=41,54|10,12;DP=121;ECNT=1;ECNTH=1;GERMQ=93;MBQ=34,31;MFRL=387,398;MMQ=60,60;MPOS=32;NALOD=-0.1067;NLOD=14.79;POPAF=6;ROQ=93;TLOD=56.09	GT:AD:AF:DP:F1R2:F2R1:FAD:SB	0/1:35,21:0.386:56:15,9:19,11:34,21:13,22,10,11	0/0:60,1:0.031:61:28,1:30,0:60,1:28,32,0,1
chr9	99826856	.	C	A	.	PASS	AS_FilterStatus=SITE;AS_SB_TABLE=51,53|14,6;DP=126;ECNT=1;ECNTH=1;GERMQ=93;MBQ=31,34;MFRL=362,398;MMQ=60,60;MPOS=28;NALOD=-1.735;NLOD=15.85;POPAF=6;ROQ=63;TLOD=54.1	GT:AD:AF:DP:F1R2:F2R1:FAD:SB	0/1:50,20:0.286:70:30,5:19,14:49,19:20,30,14,6	0/0:54,0:0.018:54:24,0:27,0:53,0:31,23,0,0
chr9	99815392	.	T	C	.	PASS	AS_FilterStatus=SITE;AS_SB_TABLE=32,38|14,19;DP=110;ECNT=1;ECNTH=1;GERMQ=93;MBQ=33,32;MFRL=386,379;MMQ=60,60;MPOS=33;NALOD=-1.735;NLOD=15.6;POPAF=6;ROQ=93;TLOD=100.56	GT:AD:AF:DP:F1R2:F2R1:FAD:SB	0/1:17,33:0.659:50:8,16:8,15:16,32:9,8,14,19	0/0:53,0:0.018:53:27,0:22,0:52,0:23,30,0,0
chr9	99813878	.	G	A	.	PASS	AS_FilterStatus=SITE;AS_SB_TABLE=35,33|15,8;DP=93;ECNT=1;ECNTH=1;GERMQ=93;MBQ=32,34;MFRL=393,359;MMQ=60,60;MPOS=35;NALOD=-1.678;NLOD=13.7;POPAF=6;ROQ=93;TLOD=73.99	GT:AD:AF:DP:F1R2:F2R1:FAD:SB	0/1:22,23:0.511:45:9,9:13,14:22,23:11,11,15,8	0/0:46,0:0.021:46:14,0:29,0:46,0:24,22,0,0
chr9	99781706	.	C	G	.	PASS	AS_FilterStatus=SITE;AS_SB_TABLE=52,52|12,12;DP=132;ECNT=1;ECNTH=1;GERMQ=93;MBQ=32,31;MFRL=367,358;MMQ=60,60;MPOS=39;NALOD=-1.784;NLOD=17.71;POPAF=6;ROQ=93;TLOD=60.78	GT:AD:AF:DP:F1R2:F2R1:FAD:SB	0/1:42,24:0.346:66:20,9:22,11:42,22:23,19,12,12	0/0:62,0:0.016:62:29,0:28,0:59,0:29,33,0,0
chr9	99701997	.	G	C	.	PASS	AS_FilterStatus=SITE;AS_SB_TABLE=37,35|18,16;DP=108;ECNT=1;ECNTH=1;GERMQ=93;MBQ=31,30;MFRL=402,384;MMQ=60,60;MPOS=43;NALOD=-1.728;NLOD=15.6;POPAF=6;ROQ=93;TLOD=100.35	GT:AD:AF:DP:F1R2:F2R1:FAD:SB	0/1:19,34:0.651:53:8,18:9,16:18,34:7,12,18,16	0/0:53,0:0.018:53:20,0:29,0:52,0:30,23,0,0
chr9	99672244	.	C	T	.	PASS	AS_FilterStatus=SITE;AS_SB_TABLE=40,42|14,18;DP=120;ECNT=1;ECNTH=1;GERMQ=93;MBQ=32,33;MFRL=364,357;MMQ=60,60;MPOS=42;NALOD=-1.766;NLOD=16.41;POPAF=6;ROQ=93;TLOD=94.01	GT:AD:AF:DP:F1R2:F2R1:FAD:SB	0/1:23,32:0.561:55:9,14:14,14:23,30:14,9,14,18	0/0:59,0:0.017:59:22,0:30,0:55,0:26,33,0,0
chr9	99612602	.	A	G	.	PASS	AS_FilterStatus=SITE;AS_SB_TABLE=52,37|3,12;DP=108;ECNT=1;ECNTH=1;GERMQ=93;MBQ=34,32;MFRL=378,346;MMQ=60,60;MPOS=40;NALOD=-1.706;NLOD=14.7;POPAF=6;ROQ=66;TLOD=36.28	GT:AD:AF:DP:F1R2:F2R1:FAD:SB	0/1:40,15:0.268:55:18,5:19,8:40,14:23,17,3,12	0/0:49,0:0.019:49:19,0:29,0:49,0:29,20,0,0
chr9	99576318	.	G	A	.	PASS	AS_FilterStatus=SITE;AS_SB_TABLE=44,35|12,11;DP=105;ECNT=1;ECNTH=1;GERMQ=93;MBQ=32,33;MFRL=389,354;MMQ=60,60;MPOS=36;NALOD=-1.631;NLOD=12.29;POPAF=6;ROQ=93;TLOD=69.84	GT:AD:AF:DP:F1R2:F2R1:FAD:SB	0/1:34,23:0.415:57:18,11:14,12:33,23:14,20,12,11	0/0:45,0:0.023:45:17,0:20,0:41,0:30,15,0,0
chr9	99460950	.	C	G	.	PASS	AS_FilterStatus=SITE;AS_SB_TABLE=51,62|4,14;DP=134;ECNT=1;ECNTH=1;GERMQ=93;MBQ=32,31;MFRL=367,362;MMQ=60,60;MPOS=48;NALOD=-1.867;NLOD=21.53;POPAF=6;ROQ=93;TLOD=46.78	GT:AD:AF:DP:F1R2:F2R1:FAD:SB	0/1:40,18:0.306:58:23,10:16,7:40,17:15,25,4,14	0/0:73,0:0.013:73:35,0:32,0:72,0:36,37,0,0
chr9	99455144	.	A	T	.	PASS	AS_FilterStatus=SITE;AS_SB_TABLE=35,38|5,10;DP=90;ECNT=1;ECNTH=1;GERMQ=93;MBQ=33,33;MFRL=365,369;MMQ=60,60;MPOS=29;NALOD=-1.667;NLOD=13.5;POPAF=6;ROQ=82;TLOD=46	GT:AD:AF:DP:F1R2:F2R1:FAD:SB	0/1:28,15:0.357:43:15,5:12,10:28,15:12,16,5,10	0/0:45,0:0.021:45:15,0:28,0:45,0:23,22,0,0
chr9	99454997	.	C	G	.	PASS	AS_FilterStatus=SITE;AS_SB_TABLE=49,47|13,9;DP=121;ECNT=1;ECNTH=1;GERMQ=93;MBQ=32,24;MFRL=387,377;MMQ=60,60;MPOS=28;NALOD=-1.751;NLOD=16.41;POPAF=6;ROQ=93;TLOD=47.67	GT:AD:AF:DP:F1R2:F2R1:FAD:SB	0/1:41,22:0.359:63:13,7:26,12:40,22:21,20,13,9	0/0:55,0:0.017:55:25,0:27,0:55,0:28,27,0,0
chr9	99435882	.	C	A	.	PASS	AS_FilterStatus=SITE;AS_SB_TABLE=54,54|8,11;DP=127;ECNT=1;ECNTH=1;GERMQ=93;MBQ=31,34;MFRL=368,379;MMQ=60,60;MPOS=24;NALOD=-1.805;NLOD=18.86;POPAF=6;ROQ=86;TLOD=55.72	GT:AD:AF:DP:F1R2:F2R1:FAD:SB	0/1:45,19:0.309:64:19,8:23,11:44,19:17,28,8,11	0/0:63,0:0.015:63:30,0:29,0:63,0:37,26,0,0
chr9	99379055	.	A	G	.	PASS	AS_FilterStatus=SITE;AS_SB_TABLE=49,51|5,10;DP=117;ECNT=1;ECNTH=1;GERMQ=93;MBQ=34,32;MFRL=373,392;MMQ=60,60;MPOS=33;NALOD=-1.799;NLOD=18.61;POPAF=6;ROQ=72;TLOD=39.68	GT:AD:AF:DP:F1R2:F2R1:FAD:SB	0/1:36,15:0.303:51:16,10:17,5:36,15:16,20,5,10	0/0:64,0:0.016:64:29,0:31,0:62,0:33,31,0,0
chr9	99283719	.	C	G	.	PASS	AS_FilterStatus=SITE;AS_SB_TABLE=38,44|16,14;DP=114;ECNT=1;ECNTH=1;GERMQ=93;MBQ=32,25;MFRL=378,357;MMQ=60,60;MPOS=32;NALOD=-1.785;NLOD=18.01;POPAF=6;ROQ=93;TLOD=78.22	GT:AD:AF:DP:F1R2:F2R1:FAD:SB	0/1:21,30:0.582:51:7,14:12,13:20,28:10,11,16,14	0/0:61,0:0.016:61:24,0:34,0:60,0:28,33,0,0
chr9	99012245	.	C	G	.	PASS	AS_FilterStatus=SITE;AS_SB_TABLE=43,40|26,19;DP=132;ECNT=1;ECNTH=1;GERMQ=93;MBQ=32,30;MFRL=383,378;MMQ=60,60;MPOS=38;NALOD=-1.809;NLOD=18.96;POPAF=6;ROQ=93;TLOD=127.9	GT:AD:AF:DP:F1R2:F2R1:FAD:SB	0/1:19,45:0.684:64:8,22:10,17:19,42:12,7,26,19	0/0:64,0:0.015:64:34,0:28,0:63,0:31,33,0,0
chr9	98798539	.	G	T	.	PASS	AS_FilterStatus=SITE;AS_SB_TABLE=32,60|12,17;DP=125;ECNT=1;ECNTH=1;GERMQ=93;MBQ=31,32;MFRL=368,378;MMQ=60,60;MPOS=27;NALOD=-1.733;NLOD=16.06;POPAF=6;ROQ=93;TLOD=85.97	GT:AD:AF:DP:F1R2:F2R1:FAD:SB	0/1:35,28:0.477:63:16,14:14,13:31,28:15,20,11,17	0/0:57,1:0.018:58:24,0:28,0:56,1:17,40,1,0
chr9	98798237	.	G	C	.	PASS	AS_FilterStatus=SITE;AS_SB_TABLE=48,53|12,12;DP=129;ECNT=1;ECNTH=1;GERMQ=93;MBQ=31,31;MFRL=377,393;MMQ=60,60;MPOS=34;NALOD=-1.824;NLOD=19.46;POPAF=6;ROQ=93;TLOD=61.73	GT:AD:AF:DP:F1R2:F2R1:FAD:SB	0/1:35,24:0.41:59:15,14:18,8:35,24:14,21,12,12	0/0:66,0:0.015:66:38,0:23,0:65,0:34,32,0,0
