chr9	98874810	.	CAGCTCCTGTACTTTGAGGGGTGGAAAG	C	.	PASS	AS_FilterStatus=SITE;AS_SB_TABLE=42,44|7,9;DP=110;ECNT=1;ECNTH=1;GERMQ=93;MBQ=32,32;MFRL=395,418;MMQ=60,60;MPOS=41;NALOD=-1.698;NLOD=13.48;POPAF=6;ROQ=93;TLOD=57.3	GT:AD:AF:DP:F1R2:F2R1:FAD:SB	0/1:39,16:0.308:55:13,7:19,7:39,16:18,21,7,9	0/0:47,0:0.02:47:25,0:17,0:46,0:24,23,0,0
chr9	96867481	.	TCAGCATAAATGCTTTATCAG	T	.	PASS	AS_FilterStatus=SITE;AS_SB_TABLE=47,64|7,16;DP=141;ECNT=1;ECNTH=1;GERMQ=93;MBQ=34,33;MFRL=382,383;MMQ=60,60;MPOS=42;NALOD=-1.853;NLOD=20.55;POPAF=6;ROQ=93;TLOD=85.57	GT:AD:AF:DP:F1R2:F2R1:FAD:SB	0/1:39,23:0.366:62:18,14:13,5:38,21:12,27,7,16	0/0:72,0:0.014:72:32,0:23,0:69,0:35,37,0,0
chr9	96070002	.	TACTTCTCCACTG	T	.	PASS	AS_FilterStatus=SITE;AS_SB_TABLE=41,60|7,12;DP=122;ECNT=1;ECNTH=1;GERMQ=93;MBQ=33,33;MFRL=367,374;MMQ=60,60;MPOS=33;NALOD=-1.764;NLOD=16.75;POPAF=6;ROQ=93;TLOD=66.36	GT:AD:AF:DP:F1R2:F2R1:FAD:SB	0/1:44,19:0.314:63:24,8:15,10:43,19:21,23,7,12	0/0:57,0:0.017:57:17,0:30,0:56,0:20,37,0,0
chr9	95985780	.	AGATTATTGACAT	A	.	PASS	AS_FilterStatus=SITE;AS_SB_TABLE=40,47|3,7;DP=106;ECNT=1;ECNTH=1;GERMQ=93;MBQ=34,33;MFRL=394,402;MMQ=60,60;MPOS=30;NALOD=-1.804;NLOD=17.55;POPAF=6;ROQ=93;TLOD=34.94	GT:AD:AF:DP:F1R2:F2R1:FAD:SB	0/1:27,10:0.285:37:12,5:8,5:27,10:13,14,3,7	0/0:60,0:0.016:60:18,0:28,0:59,0:27,33,0,0
chr9	95093848	.	AAGTCCC	A	.	PASS	AS_FilterStatus=SITE;AS_SB_TABLE=41,49|9,11;DP=116;ECNT=1;ECNTH=1;GERMQ=93;MBQ=34,35;MFRL=381,370;MMQ=60,60;MPOS=53;NALOD=-1.666;NLOD=12.85;POPAF=6;ROQ=93;TLOD=70.93	GT:AD:AF:DP:F1R2:F2R1:FAD:SB	0/1:46,20:0.315:66:21,9:17,8:45,20:20,26,9,11	0/0:44,0:0.021:44:25,0:17,0:43,0:21,23,0,0
chr9	93797634	.	A	ATTTT	.	PASS	AS_FilterStatus=SITE;AS_SB_TABLE=42,39|11,8;DP=106;ECNT=1;ECNTH=1;GERMQ=93;MBQ=33,33;MFRL=356,348;MMQ=60,60;MPOS=31;NALOD=-1.763;NLOD=15.46;POPAF=6;ROQ=93;RPA=5,9;RU=T;STR;STRQ=93;TLOD=70.88	GT:AD:AF:DP:F1R2:F2R1:FAD:SB	0/1:28,19:0.407:47:13,12:14,6:28,19:15,13,11,8	0/0:53,0:0.017:53:18,0:27,0:51,0:27,26,0,0
chr9	92884541	.	TGCCCTAACCC	T	.	PASS	AS_FilterStatus=SITE;AS_SB_TABLE=43,35|13,20;DP=114;ECNT=1;ECNTH=1;GERMQ=93;MBQ=34,33;MFRL=361,405;MMQ=60,60;MPOS=32;NALOD=-1.771;NLOD=16.33;POPAF=6;ROQ=93;TLOD=130.9	GT:AD:AF:DP:F1R2:F2R1:FAD:SB	0/1:23,33:0.599:56:11,15:6,13:22,33:12,11,13,20	0/0:55,0:0.017:55:25,0:23,0:55,0:31,24,0,0
chr9	92751806	.	ATTTTT	A	.	PASS	AS_FilterStatus=SITE;AS_SB_TABLE=21,22|11,9;DP=71;ECNT=1;ECNTH=1;GERMQ=79;MBQ=33,33;MFRL=375,386;MMQ=60,60;MPOS=30;NALOD=-1.559;NLOD=9.55;POPAF=6;ROQ=93;RPA=15,10;RU=T;STR;STRQ=93;TLOD=80.67	GT:AD:AF:DP:F1R2:F2R1:FAD:SB	0/1:11,20:0.641:31:8,10:2,7:11,20:7,4,11,9	0/0:32,0:0.027:32:13,0:17,0:32,0:14,18,0,0
chr9	92751584	.	AACTGGAATGAAACAATTAAGTT	A	.	PASS	AS_FilterStatus=SITE;AS_SB_TABLE=35,41|19,10;DP=117;ECNT=1;ECNTH=1;GERMQ=93;MBQ=35,34;MFRL=361,352;MMQ=60,60;MPOS=43;NALOD=-1.774;NLOD=16.58;POPAF=6;ROQ=93;TLOD=119.13	GT:AD:AF:DP:F1R2:F2R1:FAD:SB	0/1:15,29:0.651:44:7,8:3,18:15,27:6,9,19,10	0/0:61,0:0.017:61:24,0:23,0:56,0:29,32,0,0
chr9	9031155	.	GTTGATGGGTCT	G	.	PASS	AS_FilterStatus=SITE;AS_SB_TABLE=63,58|4,7;DP=140;ECNT=1;ECNTH=1;GERMQ=93;MBQ=31,30;MFRL=369,448;MMQ=60,60;MPOS=34;NALOD=-1.735;NLOD=15.24;POPAF=6;ROQ=93;TLOD=34.81	GT:AD:AF:DP:F1R2:F2R1:FAD:SB	0/1:70,11:0.151:81:30,7:26,3:67,11:33,37,4,7	0/0:51,0:0.018:51:20,0:24,0:51,0:30,21,0,0
